{"cameraMode":{"drawMode":0,"name":"Shaded","section":"Shading Mode"},"sceneLighting":false,"audioPlay":false,"sceneViewState":{"m_AlwaysRefresh":false,"showFog":true,"showSkybox":false,"showFlares":true,"showImageEffects":true,"showParticleSystems":true,"showVisualEffectGraphs":true,"m_FxEnabled":true},"in2DMode":false,"pivot":{"x":-0.06706014275550842,"y":-0.25134405493736269,"z":-0.3687173128128052},"rotation":{"x":0.2752701938152313,"y":-0.029425092041492463,"z":0.008386379107832909,"w":0.9608932137489319},"size":0.43212246894836428,"orthographic":false}